[{
  "y": 17,
  "x": -10,
  "title": "one"
}, {
  "y": 2,
  "x": 38,
  "title": "morn"
}, {
  "y": 18,
  "x": -2,
  "title": ","
}, {
  "y": 27,
  "x": -5,
  "title": "when"
}, {
  "y": 9,
  "x": 37,
  "title": "gregor"
}, {
  "y": 9,
  "x": 37,
  "title": "samsa"
}, {
  "y": 11,
  "x": -15,
  "title": "wake"
}, {
  "y": 27,
  "x": -15,
  "title": "from"
}, {
  "y": -13,
  "x": -7,
  "title": "trouble"
}, {
  "y": -18,
  "x": 23,
  "title": "dream"
}, {
  "y": 33,
  "x": -5,
  "title": "he"
}, {
  "y": -14,
  "x": 13,
  "title": "find"
}, {
  "y": 34,
  "x": -4,
  "title": "himself"
}, {
  "y": 0,
  "x": 2,
  "title": "transform"
}, {
  "y": 27,
  "x": -15,
  "title": "in"
}, {
  "y": 33,
  "x": -4,
  "title": "his"
}, {
  "y": 8,
  "x": 28,
  "title": "bed"
}, {
  "y": 0,
  "x": -27,
  "title": "into"
}, {
  "y": 17,
  "x": -12,
  "title": "a"
}, {
  "y": -24,
  "x": 25,
  "title": "horrible"
}, {
  "y": -5,
  "x": 35,
  "title": "vermin"
}, {
  "y": 18,
  "x": -2,
  "title": "."
}, {
  "y": -2,
  "x": -19,
  "title": "lay"
}, {
  "y": 27,
  "x": -8,
  "title": "on"
}, {
  "y": -6,
  "x": -17,
  "title": "back"
}, {
  "y": 16,
  "x": -2,
  "title": "and"
}, {
  "y": -5,
  "x": -2,
  "title": "if"
}, {
  "y": -12,
  "x": -25,
  "title": "lift"
}, {
  "y": 34,
  "x": -9,
  "title": "head"
}, {
  "y": -24,
  "x": 1,
  "title": "little"
}, {
  "y": -6,
  "x": 0,
  "title": "could"
}, {
  "y": -12,
  "x": 5,
  "title": "see"
}, {
  "y": 16,
  "x": 15,
  "title": "brown"
}, {
  "y": 0,
  "x": 31,
  "title": "belly"
}, {
  "y": 8,
  "x": 16,
  "title": "slightly"
}, {
  "y": 35,
  "x": -29,
  "title": "dome"
}, {
  "y": 4,
  "x": -28,
  "title": "divide"
}, {
  "y": 24,
  "x": -6,
  "title": "by"
}, {
  "y": 35,
  "x": -29,
  "title": "arch"
}, {
  "y": -20,
  "x": -10,
  "title": "stiff"
}, {
  "y": 26,
  "x": -14,
  "title": "section"
}, {
  "y": 24,
  "x": -18,
  "title": "the"
}, {
  "y": -5,
  "x": -3,
  "title": "be"
}, {
  "y": -22,
  "x": 19,
  "title": "hardly"
}, {
  "y": -1,
  "x": 3,
  "title": "able"
}, {
  "y": -7,
  "x": 2,
  "title": "to"
}, {
  "y": 2,
  "x": 13,
  "title": "cover"
}, {
  "y": 2,
  "x": -1,
  "title": "it"
}, {
  "y": -23,
  "x": 17,
  "title": "seem"
}, {
  "y": -9,
  "x": 1,
  "title": "ready"
}, {
  "y": 4,
  "x": 18,
  "title": "slide"
}, {
  "y": -7,
  "x": -16,
  "title": "off"
}, {
  "y": -8,
  "x": -4,
  "title": "any"
}, {
  "y": -19,
  "x": 21,
  "title": "moment"
}, {
  "y": 12,
  "x": 5,
  "title": "many"
}, {
  "y": 28,
  "x": 2,
  "title": "leg"
}, {
  "y": -7,
  "x": 34,
  "title": "pitifully"
}, {
  "y": 9,
  "x": 16,
  "title": "thin"
}, {
  "y": -13,
  "x": 15,
  "title": "compare"
}, {
  "y": 15,
  "x": -2,
  "title": "with"
}, {
  "y": 10,
  "x": 11,
  "title": "size"
}, {
  "y": 23,
  "x": -18,
  "title": "of"
}, {
  "y": 5,
  "x": -6,
  "title": "rest"
}, {
  "y": 34,
  "x": -5,
  "title": "him"
}, {
  "y": -4,
  "x": 22,
  "title": "wave"
}, {
  "y": 8,
  "x": 7,
  "title": "about"
}, {
  "y": 4,
  "x": -20,
  "title": "helplessly"
}, {
  "y": 17,
  "x": -4,
  "title": "as"
}, {
  "y": -11,
  "x": 11,
  "title": "look"
}, {
  "y": -16,
  "x": 14,
  "title": "what"
}, {
  "y": 9,
  "x": 27,
  "title": "room"
}, {
  "y": -9,
  "x": -3,
  "title": "proper"
}, {
  "y": -1,
  "x": -6,
  "title": "human"
}, {
  "y": 2,
  "x": -10,
  "title": "although"
}, {
  "y": -22,
  "x": 15,
  "title": "too"
}, {
  "y": 12,
  "x": 11,
  "title": "small"
}, {
  "y": 19,
  "x": 6,
  "title": "peacefully"
}, {
  "y": 27,
  "x": -16,
  "title": "between"
}, {
  "y": 23,
  "x": -20,
  "title": "its"
}, {
  "y": 47,
  "x": -21,
  "title": "four"
}, {
  "y": -25,
  "x": 16,
  "title": "familiar"
}, {
  "y": 5,
  "x": 19,
  "title": "wall"
}, {
  "y": -29,
  "x": -8,
  "title": "collection"
}, {
  "y": 21,
  "x": -29,
  "title": "textile"
}, {
  "y": -29,
  "x": -11,
  "title": "sample"
}, {
  "y": 2,
  "x": -27,
  "title": "spread"
}, {
  "y": -6,
  "x": -18,
  "title": "out"
}, {
  "y": 24,
  "x": 3,
  "title": "table"
}, {
  "y": -4,
  "x": 13,
  "title": "-"
}, {
  "y": 25,
  "x": -25,
  "title": "travel"
}, {
  "y": 20,
  "x": -27,
  "title": "salesman"
}, {
  "y": 8,
  "x": 14,
  "title": "above"
}, {
  "y": 11,
  "x": 0,
  "title": "there"
}, {
  "y": -6,
  "x": -13,
  "title": "hang"
}, {
  "y": -31,
  "x": -4,
  "title": "picture"
}, {
  "y": -2,
  "x": -5,
  "title": "that"
}, {
  "y": 11,
  "x": 5,
  "title": "have"
}, {
  "y": 14,
  "x": -17,
  "title": "recently"
}, {
  "y": 2,
  "x": 14,
  "title": "cut"
}, {
  "y": 17,
  "x": -13,
  "title": "an"
}, {
  "y": -11,
  "x": 16,
  "title": "illustrate"
}, {
  "y": -31,
  "x": -5,
  "title": "magazine"
}, {
  "y": 35,
  "x": -17,
  "title": "house"
}, {
  "y": -25,
  "x": 2,
  "title": "nice"
}, {
  "y": 2,
  "x": 38,
  "title": "gild"
}, {
  "y": 12,
  "x": 27,
  "title": "frame"
}, {
  "y": -32,
  "x": -4,
  "title": "show"
}, {
  "y": 33,
  "x": -1,
  "title": "lady"
}, {
  "y": -10,
  "x": 11,
  "title": "fit"
}, {
  "y": 0,
  "x": 32,
  "title": "fur"
}, {
  "y": -13,
  "x": -17,
  "title": "hat"
}, {
  "y": -14,
  "x": -17,
  "title": "boa"
}, {
  "y": 34,
  "x": -6,
  "title": "who"
}, {
  "y": -14,
  "x": 2,
  "title": "sit"
}, {
  "y": 13,
  "x": 27,
  "title": "upright"
}, {
  "y": 15,
  "x": -34,
  "title": "raise"
}, {
  "y": -22,
  "x": -13,
  "title": "heavy"
}, {
  "y": -4,
  "x": 36,
  "title": "muff"
}, {
  "y": 3,
  "x": -2,
  "title": "whole"
}, {
  "y": 33,
  "x": -2,
  "title": "her"
}, {
  "y": 8,
  "x": 15,
  "title": "lower"
}, {
  "y": -3,
  "x": -21,
  "title": "arm"
}, {
  "y": -12,
  "x": -28,
  "title": "toward"
}, {
  "y": -27,
  "x": -3,
  "title": "viewer"
}, {
  "y": 27,
  "x": -5,
  "title": "then"
}, {
  "y": -13,
  "x": -10,
  "title": "turn"
}, {
  "y": 10,
  "x": 27,
  "title": "window"
}, {
  "y": 28,
  "x": -12,
  "title": "at"
}, {
  "y": -30,
  "x": 20,
  "title": "dull"
}, {
  "y": -23,
  "x": -14,
  "title": "weather"
}, {
  "y": 3,
  "x": 17,
  "title": "drop"
}, {
  "y": -23,
  "x": -15,
  "title": "rain"
}, {
  "y": -20,
  "x": 5,
  "title": "hear"
}, {
  "y": -8,
  "x": -15,
  "title": "hit"
}, {
  "y": 11,
  "x": 28,
  "title": "pane"
}, {
  "y": 24,
  "x": -18,
  "title": "which"
}, {
  "y": -8,
  "x": 4,
  "title": "make"
}, {
  "y": -22,
  "x": 20,
  "title": "feel"
}, {
  "y": -25,
  "x": 19,
  "title": "quite"
}, {
  "y": -24,
  "x": 25,
  "title": "sad"
}, {
  "y": -15,
  "x": 14,
  "title": "how"
}, {
  "y": -23,
  "x": 7,
  "title": "i"
}, {
  "y": 1,
  "x": 26,
  "title": "sleep"
}, {
  "y": -1,
  "x": 35,
  "title": "bite"
}, {
  "y": -7,
  "x": 9,
  "title": "longer"
}, {
  "y": -22,
  "x": 11,
  "title": "forget"
}, {
  "y": 12,
  "x": 0,
  "title": "all"
}, {
  "y": 2,
  "x": -1,
  "title": "this"
}, {
  "y": -29,
  "x": 22,
  "title": "nonsense"
}, {
  "y": 2,
  "x": -8,
  "title": "but"
}, {
  "y": -18,
  "x": 19,
  "title": "something"
}, {
  "y": -2,
  "x": 3,
  "title": "unable"
}, {
  "y": -17,
  "x": 7,
  "title": "do"
}, {
  "y": -3,
  "x": -3,
  "title": "because"
}, {
  "y": 2,
  "x": 5,
  "title": "use"
}, {
  "y": -5,
  "x": -20,
  "title": "right"
}, {
  "y": 25,
  "x": -19,
  "title": "present"
}, {
  "y": 33,
  "x": -17,
  "title": "state"
}, {
  "y": -16,
  "x": 6,
  "title": "get"
}, {
  "y": 2,
  "x": -12,
  "title": "position"
}, {
  "y": 2,
  "x": -11,
  "title": "however"
}, {
  "y": -14,
  "x": -10,
  "title": "hard"
}, {
  "y": -10,
  "x": -15,
  "title": "throw"
}, {
  "y": 0,
  "x": -26,
  "title": "onto"
}, {
  "y": -7,
  "x": 36,
  "title": "alway"
}, {
  "y": -21,
  "x": -1,
  "title": "roll"
}, {
  "y": 28,
  "x": -14,
  "title": "where"
}, {
  "y": -3,
  "x": 0,
  "title": "must"
}, {
  "y": -28,
  "x": 12,
  "title": "try"
}, {
  "y": 24,
  "x": -2,
  "title": "time"
}, {
  "y": -6,
  "x": -27,
  "title": "shut"
}, {
  "y": 0,
  "x": 29,
  "title": "eye"
}, {
  "y": -10,
  "x": 9,
  "title": "so"
}, {
  "y": -6,
  "x": 0,
  "title": "would"
}, {
  "y": -4,
  "x": 33,
  "title": "flounder"
}, {
  "y": 12,
  "x": -1,
  "title": "only"
}, {
  "y": -7,
  "x": -29,
  "title": "stop"
}, {
  "y": -6,
  "x": 4,
  "title": "begin"
}, {
  "y": 1,
  "x": 21,
  "title": "mild"
}, {
  "y": 1,
  "x": 26,
  "title": "pain"
}, {
  "y": -23,
  "x": 5,
  "title": "never"
}, {
  "y": 27,
  "x": -6,
  "title": "before"
}, {
  "y": -5,
  "x": 14,
  "title": "oh"
}, {
  "y": -18,
  "x": 33,
  "title": "god"
}, {
  "y": -19,
  "x": -9,
  "title": "strenuous"
}, {
  "y": 20,
  "x": -7,
  "title": "career"
}, {
  "y": -4,
  "x": 2,
  "title": "choose"
}, {
  "y": -17,
  "x": 30,
  "title": "!"
}, {
  "y": 25,
  "x": -1,
  "title": "day"
}, {
  "y": 20,
  "x": -28,
  "title": "business"
}, {
  "y": -12,
  "x": 9,
  "title": "like"
}, {
  "y": -8,
  "x": 3,
  "title": "take"
}, {
  "y": -11,
  "x": 8,
  "title": "much"
}, {
  "y": 9,
  "x": 7,
  "title": "more"
}, {
  "y": -13,
  "x": -27,
  "title": "effort"
}, {
  "y": 9,
  "x": 7,
  "title": "than"
}, {
  "y": -26,
  "x": 7,
  "title": "your"
}, {
  "y": 8,
  "x": -1,
  "title": "own"
}, {
  "y": 30,
  "x": -13,
  "title": "home"
}, {
  "y": 17,
  "x": -9,
  "title": "top"
}, {
  "y": -17,
  "x": 34,
  "title": "curse"
}, {
  "y": -9,
  "x": 21,
  "title": "worry"
}, {
  "y": -5,
  "x": -29,
  "title": "train"
}, {
  "y": 21,
  "x": -18,
  "title": "connection"
}, {
  "y": -10,
  "x": -26,
  "title": "bid"
}, {
  "y": -21,
  "x": -10,
  "title": "irregular"
}, {
  "y": -31,
  "x": 5,
  "title": "food"
}, {
  "y": 0,
  "x": 6,
  "title": "contact"
}, {
  "y": 15,
  "x": 6,
  "title": "different"
}, {
  "y": 11,
  "x": 3,
  "title": "people"
}, {
  "y": -21,
  "x": 8,
  "title": "you"
}, {
  "y": 0,
  "x": 5,
  "title": "can"
}, {
  "y": -18,
  "x": 6,
  "title": "know"
}, {
  "y": -18,
  "x": 3,
  "title": "anyone"
}, {
  "y": 2,
  "x": 5,
  "title": "or"
}, {
  "y": 7,
  "x": -9,
  "title": "become"
}, {
  "y": -26,
  "x": -23,
  "title": "friendly"
}, {
  "y": 10,
  "x": -1,
  "title": "them"
}, {
  "y": -13,
  "x": 3,
  "title": "go"
}, {
  "y": -17,
  "x": 32,
  "title": "hell"
}, {
  "y": 2,
  "x": 20,
  "title": "slight"
}, {
  "y": -2,
  "x": 33,
  "title": "itch"
}, {
  "y": -4,
  "x": -14,
  "title": "up"
}, {
  "y": 18,
  "x": -1,
  "title": ";"
}, {
  "y": -12,
  "x": -27,
  "title": "push"
}, {
  "y": 6,
  "x": -21,
  "title": "slowly"
}, {
  "y": 8,
  "x": 29,
  "title": "headboard"
}, {
  "y": -8,
  "x": 6,
  "title": "better"
}, {
  "y": -20,
  "x": 12,
  "title": "lot"
}, {
  "y": 16,
  "x": 15,
  "title": "white"
}, {
  "y": 24,
  "x": 1,
  "title": "spot"
}, {
  "y": 24,
  "x": 2,
  "title": "place"
}, {
  "y": 26,
  "x": 3,
  "title": "draw"
}, {
  "y": 6,
  "x": -20,
  "title": "quickly"
}, {
  "y": 7,
  "x": -20,
  "title": "soon"
}, {
  "y": -26,
  "x": -3,
  "title": "touch"
}, {
  "y": -14,
  "x": -7,
  "title": "overcome"
}, {
  "y": -23,
  "x": -13,
  "title": "cold"
}, {
  "y": -10,
  "x": 22,
  "title": "shudder"
}, {
  "y": 35,
  "x": -8,
  "title": "former"
}, {
  "y": 24,
  "x": -10,
  "title": "early"
}, {
  "y": -29,
  "x": 22,
  "title": "stupid"
}, {
  "y": -9,
  "x": 7,
  "title": "enough"
}, {
  "y": 13,
  "x": 5,
  "title": "other"
}, {
  "y": -33,
  "x": -4,
  "title": "live"
}, {
  "y": 7,
  "x": -1,
  "title": "life"
}, {
  "y": 23,
  "x": -25,
  "title": "luxury"
}, {
  "y": 15,
  "x": -5,
  "title": "for"
}, {
  "y": 2,
  "x": 0,
  "title": "instance"
}, {
  "y": -15,
  "x": 0,
  "title": "whenever"
}, {
  "y": -34,
  "x": -2,
  "title": "guest"
}, {
  "y": 25,
  "x": -10,
  "title": "during"
}, {
  "y": -29,
  "x": -9,
  "title": "copy"
}, {
  "y": 14,
  "x": -6,
  "title": "contract"
}, {
  "y": 14,
  "x": 6,
  "title": "these"
}, {
  "y": 20,
  "x": -13,
  "title": "gentleman"
}, {
  "y": 4,
  "x": -7,
  "title": "still"
}, {
  "y": -30,
  "x": 7,
  "title": "eat"
}, {
  "y": 9,
  "x": -1,
  "title": "their"
}, {
  "y": -35,
  "x": -1,
  "title": "breakfast"
}, {
  "y": -18,
  "x": 14,
  "title": "ought"
}, {
  "y": -7,
  "x": -18,
  "title": "just"
}, {
  "y": -25,
  "x": 7,
  "title": "my"
}, {
  "y": 36,
  "x": -7,
  "title": "boss"
}, {
  "y": -4,
  "x": 0,
  "title": "should"
}, {
  "y": -21,
  "x": 19,
  "title": "certainly"
}, {
  "y": -24,
  "x": 10,
  "title": "yes"
}, {
  "y": -9,
  "x": -5,
  "title": "possible"
}, {
  "y": 1,
  "x": -27,
  "title": "through"
}, {
  "y": -5,
  "x": 22,
  "title": "noise"
}, {
  "y": -16,
  "x": 21,
  "title": "true"
}, {
  "y": 0,
  "x": -8,
  "title": "probably"
}, {
  "y": -23,
  "x": 21,
  "title": "deeply"
}, {
  "y": 5,
  "x": -7,
  "title": "now"
}, {
  "y": 25,
  "x": 0,
  "title": "next"
}, {
  "y": -10,
  "x": -16,
  "title": "catch"
}, {
  "y": -7,
  "x": -29,
  "title": "rush"
}, {
  "y": -1,
  "x": 37,
  "title": "mad"
}, {
  "y": -13,
  "x": -12,
  "title": "pack"
}, {
  "y": -25,
  "x": -21,
  "title": "particularly"
}, {
  "y": -31,
  "x": 4,
  "title": "fresh"
}, {
  "y": -29,
  "x": 19,
  "title": "lively"
}, {
  "y": -12,
  "x": -7,
  "title": "avoid"
}, {
  "y": -8,
  "x": 21,
  "title": "anger"
}, {
  "y": 34,
  "x": -17,
  "title": "office"
}, {
  "y": 36,
  "x": -9,
  "title": "assistant"
}, {
  "y": -5,
  "x": -19,
  "title": "put"
}, {
  "y": 14,
  "x": -18,
  "title": "report"
}, {
  "y": 19,
  "x": -12,
  "title": "man"
}, {
  "y": -6,
  "x": 35,
  "title": "spineless"
}, {
  "y": -8,
  "x": -4,
  "title": "no"
}, {
  "y": -14,
  "x": 15,
  "title": "understand"
}, {
  "y": -32,
  "x": 9,
  "title": "sick"
}, {
  "y": -26,
  "x": 19,
  "title": "extremely"
}, {
  "y": 1,
  "x": 23,
  "title": "strain"
}, {
  "y": -18,
  "x": 2,
  "title": "suspicious"
}, {
  "y": 48,
  "x": -22,
  "title": "fifteen"
}, {
  "y": 25,
  "x": -25,
  "title": "service"
}, {
  "y": 1,
  "x": -7,
  "title": "yet"
}, {
  "y": -32,
  "x": 10,
  "title": "ill"
}, {
  "y": -12,
  "x": 4,
  "title": "come"
}, {
  "y": 27,
  "x": 1,
  "title": "round"
}, {
  "y": 29,
  "x": -23,
  "title": "doctor"
}, {
  "y": 29,
  "x": -23,
  "title": "medical"
}, {
  "y": 17,
  "x": -32,
  "title": "insurance"
}, {
  "y": 20,
  "x": -29,
  "title": "company"
}]